{"cameraMode":{"drawMode":0,"name":"Shaded","section":"Shading Mode"},"sceneLighting":false,"audioPlay":false,"sceneViewState":{"m_AlwaysRefresh":false,"showFog":true,"showSkybox":false,"showFlares":true,"showImageEffects":true,"showParticleSystems":true,"showVisualEffectGraphs":true,"m_FxEnabled":true},"in2DMode":false,"pivot":{"x":-18.105607986450197,"y":2.320917844772339,"z":-2.1919431686401369},"rotation":{"x":-0.13707275688648225,"y":-0.8623865842819214,"z":0.36385518312454226,"w":-0.32449397444725039},"size":0.7680483460426331,"orthographic":false}