{"cameraMode":{"drawMode":0,"name":"Shaded","section":"Shading Mode"},"sceneLighting":false,"audioPlay":false,"sceneViewState":{"m_AlwaysRefresh":false,"showFog":true,"showSkybox":false,"showFlares":true,"showImageEffects":true,"showParticleSystems":true,"showVisualEffectGraphs":true,"m_FxEnabled":true},"in2DMode":false,"pivot":{"x":-7.120558738708496,"y":1.782374382019043,"z":3.4122114181518556},"rotation":{"x":0.017045412212610246,"y":-0.957819938659668,"z":0.28094008564949038,"w":0.058123551309108737},"size":8.677146911621094,"orthographic":false}