{"cameraMode":{"drawMode":0,"name":"Shaded","section":"Shading Mode"},"sceneLighting":false,"audioPlay":false,"sceneViewState":{"m_AlwaysRefresh":false,"showFog":true,"showSkybox":false,"showFlares":true,"showImageEffects":true,"showParticleSystems":true,"showVisualEffectGraphs":true,"m_FxEnabled":true},"in2DMode":false,"pivot":{"x":-22.808719635009767,"y":42.49444580078125,"z":-185.09938049316407},"rotation":{"x":0.04153398051857948,"y":0.19159634411334992,"z":-0.008021386340260506,"w":0.9806457757949829},"size":1.5929772853851319,"orthographic":false}