{"cameraMode":{"drawMode":0,"name":"Shaded","section":"Shading Mode"},"sceneLighting":false,"audioPlay":false,"sceneViewState":{"m_AlwaysRefresh":false,"showFog":true,"showSkybox":false,"showFlares":true,"showImageEffects":true,"showParticleSystems":true,"showVisualEffectGraphs":true,"m_FxEnabled":true},"in2DMode":false,"pivot":{"x":-14.802934646606446,"y":0.7272434234619141,"z":0.20674848556518556},"rotation":{"x":-0.0007209206814877689,"y":0.9271326065063477,"z":-0.37495043873786929,"w":-0.0020255877170711757},"size":8.166130065917969,"orthographic":false}